Max Lowenthal Hall,1105,Tier II Lab,0,3,Mon 03:52 PM [05/08/2017],43.082874,77.677129
Max Lowenthal Hall,1110,COB Conference,0,0,,43.082874,77.677129
Max Lowenthal Hall,1115,Tier II Lab,0,0,Mon 10:08 AM [09/25/2017],43.082874,77.677129
Max Lowenthal Hall,1135,General Purpose Classroom,45,24,Mon 05:36 PM [11/06/2017],43.082874,77.677129
Max Lowenthal Hall,12 Closet,Closet,0,0,,43.082874,77.677129
Max Lowenthal Hall,1205,Lab,45,0,,43.082874,77.677129
Max Lowenthal Hall,1215,General Purpose Classroom,58,14,Mon 04:20 PM [10/23/2017],43.082874,77.677129
Max Lowenthal Hall,1225,Lab,18,2,,43.082874,77.677129
Max Lowenthal Hall,1235,Other,18,1,,43.082874,77.677129
Max Lowenthal Hall,1245,Tier II Lab,45,1,Fri 11:17 AM [12/02/2016],43.082874,77.677129
Max Lowenthal Hall,2309,Lab,40,0,,43.082874,77.677129
Max Lowenthal Hall,2312,Tier II Conference Room,,1,,43.082874,77.677129
Max Lowenthal Hall,3105,General Purpose Classroom,58,13,Tue 08:31 AM [10/03/2017],43.082874,77.677129
Max Lowenthal Hall,3115,General Purpose Classroom,0,10,Fri 04:23 PM [09/29/2017],43.082874,77.677129
Max Lowenthal Hall,3125,General Purpose Classroom,51,13,Tue 08:06 AM [10/03/2017],43.082874,77.677129
Max Lowenthal Hall,3135,Tier II Lab,34,3,Mon 09:53 AM [10/02/2017],43.082874,77.677129
Max Lowenthal Hall,3215,General Purpose Classroom,110,7,Tue 09:13 PM [10/03/2017],43.082874,77.677129
Max Lowenthal Hall,3225,General Purpose Classroom,51,14,Tue 09:12 PM [01/16/2018],43.082874,77.677129
Max Lowenthal Hall,3235,General Purpose Classroom,,13,Wed 08:23 AM [10/04/2017],43.082874,77.677129
Max Lowenthal Hall,3245,General Purpose Classroom,54,13,Thu 09:44 PM [10/05/2017],43.082874,77.677129
Max Lowenthal Hall,A300,Office,0,0,,43.082874,77.677129
Lewis P. Ross Hall,1120,Off-line Room,10,0,,43.0825299,77.6801285
Lewis P. Ross Hall,1124,Off-line Room,20,0,,43.0825299,77.6801285
Lewis P. Ross Hall,A203,Other,20,0,,43.0825299,77.6801285
Lewis P. Ross Hall,A216,Lab,18,0,,43.0825299,77.6801285
Lewis P. Ross Hall,A218,Lab,16,0,,43.0825299,77.6801285
Lewis P. Ross Hall,A238,Lab,18,0,,43.0825299,77.6801285
Lewis P. Ross Hall,A248,Lab,18,0,,43.0825299,77.6801285
Lewis P. Ross Hall,A250,Lab,,0,,43.0825299,77.6801285
Lewis P. Ross Hall,A252,Conference Room,0,0,,43.0825299,77.6801285
Lewis P. Ross Hall,A255,Other,30,0,,43.0825299,77.6801285
Lewis P. Ross Hall,A269,Lab,16,0,,43.0825299,77.6801285
Lewis P. Ross Hall,A290,Lab,7,0,,43.0825299,77.6801285
Lewis P. Ross Hall,A310,General Purpose Classroom,63,14,Thu 09:17 AM [10/26/2017],43.0825299,77.6801285
Lewis P. Ross Hall,A330,Lab,20,3,,43.0825299,77.6801285
Golisano Hall,1103,Other,0,0,,43.0843569,77.6821797
Golisano Hall,1130,Lab,12,0,,43.0843569,77.6821797
Golisano Hall,1145,Conference Room,14,0,,43.0843569,77.6821797
Golisano Hall,1160,Lab,20,0,,43.0843569,77.6821797
Golisano Hall,1180,Lab,20,0,,43.0843569,77.6821797
Golisano Hall,1190,Lab,15,5,,43.0843569,77.6821797
Golisano Hall,1320,Lab,26,0,,43.0843569,77.6821797
Golisano Hall,1350,Lab,20,0,,43.0843569,77.6821797
Golisano Hall,1360,Lab,14,0,,43.0843569,77.6821797
Golisano Hall,1380,Lab,24,0,,43.0843569,77.6821797
Golisano Hall,1400,Auditorium,151,42,Wed 08:09 PM [10/18/2017],43.0843569,77.6821797
Golisano Hall,1435,General Purpose Classroom,48,12,Thu 10:00 PM [01/25/2018],43.0843569,77.6821797
Golisano Hall,1445,General Purpose Classroom,47,11,Mon 04:39 PM [11/27/2017],43.0843569,77.6821797
Golisano Hall,1455,General Purpose Classroom,45,11,Tue 07:19 PM [10/03/2017],43.0843569,77.6821797
Golisano Hall,1503,AV Closet,,0,,43.0843569,77.6821797
Golisano Hall,1520,Lab,20,0,,43.0843569,77.6821797
Golisano Hall,1530,Lab,20,0,,43.0843569,77.6821797
Golisano Hall,1550,Lab,42,0,,43.0843569,77.6821797
Golisano Hall,1570,Lab,24,0,,43.0843569,77.6821797
Golisano Hall,1603,AV Closet,,2,,43.0843569,77.6821797
Golisano Hall,1610,General Purpose Classroom,54,13,Tue 03:26 PM [10/03/2017],43.0843569,77.6821797
Golisano Hall,1620,Conference Room,55,0,Tue 11:48 AM [10/11/2016],43.0843569,77.6821797
Golisano Hall,1639,Other,2,0,,43.0843569,77.6821797
Golisano Hall,1640,Lab,24,0,,43.0843569,77.6821797
Golisano Hall,1690,Office,0,0,,43.0843569,77.6821797
Golisano Hall,2000,Lab,0,0,,43.0843569,77.6821797
Golisano Hall,2120,Lab,24,0,,43.0843569,77.6821797
Golisano Hall,2130,Lab,33,0,Fri 03:17 PM [01/27/2017],43.0843569,77.6821797
Golisano Hall,2145,Conference Room,20,0,,43.0843569,77.6821797
Golisano Hall,2160,Lab,14,0,,43.0843569,77.6821797
Golisano Hall,2320,Lab,14,0,,43.0843569,77.6821797
Golisano Hall,2330,Lab,28,0,,43.0843569,77.6821797
Golisano Hall,2350,Lab,0,0,,43.0843569,77.6821797
Golisano Hall,2400,Tier II Conference Room,75,14,Wed 02:19 PM [01/24/2018],43.0843569,77.6821797
Golisano Hall,2410,Lab,40,0,,43.0843569,77.6821797
Golisano Hall,2425,Off-line Room,35,0,,43.0843569,77.6821797
Golisano Hall,2435,Lab,39,0,,43.0843569,77.6821797
Golisano Hall,2455,General Purpose Classroom,45,13,Tue 07:37 PM [10/03/2017],43.0843569,77.6821797
Golisano Hall,2465,Off-line Room,39,0,,43.0843569,77.6821797
Golisano Hall,2500,Conference Room,15,0,,43.0843569,77.6821797
Golisano Hall,2520,Lab,28,0,,43.0843569,77.6821797
Golisano Hall,2530,Lab,30,0,,43.0843569,77.6821797
Golisano Hall,2535,Lab,0,0,,43.0843569,77.6821797
Golisano Hall,2550,Lab,30,0,,43.0843569,77.6821797
Golisano Hall,2570,Lab,39,0,,43.0843569,77.6821797
Golisano Hall,2590,General Purpose Classroom,44,13,Wed 07:56 PM [10/04/2017],43.0843569,77.6821797
Golisano Hall,2620,Lab,35,0,,43.0843569,77.6821797
Golisano Hall,2650,Lab,56,0,,43.0843569,77.6821797
Golisano Hall,2660,Lab,35,1,,43.0843569,77.6821797
Golisano Hall,2670,Lab,45,0,,43.0843569,77.6821797
Golisano Hall,2690,General Purpose Classroom,44,13,Thu 08:58 PM [10/05/2017],43.0843569,77.6821797
Golisano Hall,3000,Conference Room,20,0,,43.0843569,77.6821797
Golisano Hall,3001,Lab,40,0,,43.0843569,77.6821797
Golisano Hall,3102,Lab,40,0,,43.0843569,77.6821797
Golisano Hall,3410,Lab,,0,,43.0843569,77.6821797
Golisano Hall,3435,General Purpose Classroom,60,10,Thu 09:00 PM [10/05/2017],43.0843569,77.6821797
Golisano Hall,3445,General Purpose Classroom,45,11,Thu 07:00 PM [10/12/2017],43.0843569,77.6821797
Golisano Hall,3455,General Purpose Classroom,25,13,Sat 01:24 PM [10/07/2017],43.0843569,77.6821797
Golisano Hall,3540,Lab,0,0,,43.0843569,77.6821797
Golisano Hall,3550,Lab,27,0,,43.0843569,77.6821797
Golisano Hall,3560,General Purpose Classroom,45,11,Thu 10:15 AM [10/12/2017],43.0843569,77.6821797
Golisano Hall,3576,Lab,25,0,,43.0843569,77.6821797
Golisano Hall,3600,Lab,13,0,,43.0843569,77.6821797
Golisano Hall,3610,Lab,13,0,,43.0843569,77.6821797
Golisano Hall,3620,Lab,,0,,43.0843569,77.6821797
Golisano Hall,3640,Lab,0,0,,43.0843569,77.6821797
Golisano Hall,3660,Lab,0,0,,43.0843569,77.6821797
Golisano Hall,3672,Lab,25,0,,43.0843569,77.6821797
Golisano Hall,3690,Lab,63,0,,43.0843569,77.6821797
Golisano Hall,70 1st F Closet,Closet,0,7,,43.0843569,77.6821797
Golisano Hall,70 3rd F Closet,Closet,0,0,,43.0843569,77.6821797
Golisano Hall,Atrium,Atrium,0,0,,43.0843569,77.6821797
Golisano Hall,Dean's Office,Office,0,1,,43.0843569,77.6821797
Golisano Hall,ICL1,Lab,16,0,,43.0843569,77.6821797
Golisano Hall,ICL2,Lab,16,0,,43.0843569,77.6821797
Golisano Hall,ICL3,Lab,16,0,,43.0843569,77.6821797
Golisano Hall,ICL4,Lab,16,0,,43.0843569,77.6821797
Golisano Hall,ICL5,Lab,16,0,,43.0843569,77.6821797
Golisano Hall,ICL6,Lab,12,0,,43.0843569,77.6821797
George Eastman Hall,1300,Conference Room,20,3,,43.0846499,77.6775347
George Eastman Hall,1310-1318,General Purpose Classroom,20,11,Mon 05:12 PM [12/11/2017],43.0846499,77.6775347
George Eastman Hall,2000,Auditorium,100,8,Mon 09:27 PM [11/13/2017],43.0846499,77.6775347
George Eastman Hall,2100,Office,0,0,,43.0846499,77.6775347
George Eastman Hall,2106,Office,0,0,,43.0846499,77.6775347
George Eastman Hall,2151,Conference Room,,0,,43.0846499,77.6775347
George Eastman Hall,2180,Other,2,0,,43.0846499,77.6775347
George Eastman Hall,2190,Other,1,0,,43.0846499,77.6775347
George Eastman Hall,2210,Off-line Room,14,0,,43.0846499,77.6775347
George Eastman Hall,2348,Conference Room,8,0,,43.0846499,77.6775347
George Eastman Hall,2358,Lab,12,0,,43.0846499,77.6775347
George Eastman Hall,2371,General Purpose Classroom,,11,Mon 04:58 PM [11/06/2017],43.0846499,77.6775347
George Eastman Hall,2372,General Purpose Classroom,26,16,Tue 12:42 PM [08/29/2017],43.0846499,77.6775347
George Eastman Hall,3161,Lab,40,0,,43.0846499,77.6775347
George Eastman Hall,3181,Lab,12,0,,43.0846499,77.6775347
George Eastman Hall,3191,Lab,12,0,,43.0846499,77.6775347
George Eastman Hall,3225,Office,0,0,,43.0846499,77.6775347
George Eastman Hall,3263,Tier II Lab,63,3,,43.0846499,77.6775347
George Eastman Hall,3287,Tier II Lab,54,22,Tue 07:01 PM [08/29/2017],43.0846499,77.6775347
George Eastman Hall,3319,Lab,15,0,,43.0846499,77.6775347
George Eastman Hall,3320,General Purpose Classroom,24,11,Tue 06:23 PM [08/29/2017],43.0846499,77.6775347
George Eastman Hall,3330,General Purpose Classroom,21,11,Thu 05:38 PM [09/21/2017],43.0846499,77.6775347
George Eastman Hall,3335,General Purpose Classroom,24,8,Wed 09:23 PM [03/29/2017],43.0846499,77.6775347
George Eastman Hall,3338,General Purpose Classroom,29,9,Wed 05:06 PM [11/15/2017],43.0846499,77.6775347
George Eastman Hall,3355,General Purpose Classroom,40,10,Fri 04:49 PM [09/01/2017],43.0846499,77.6775347
George Eastman Hall,3367,General Purpose Classroom,21,11,Mon 07:22 PM [08/14/2017],43.0846499,77.6775347
George Eastman Hall,3379,General Purpose Classroom,20,9,Thu 01:47 PM [01/25/2018],43.0846499,77.6775347
George Eastman Hall,3381,General Purpose Classroom,38,11,Mon 05:55 PM [12/11/2017],43.0846499,77.6775347
George Eastman Hall,4125,Lab,40,0,,43.0846499,77.6775347
George Eastman Hall,4130,Lab,40,0,,43.0846499,77.6775347
George Eastman Hall,4197,Lab,40,0,,43.0846499,77.6775347
George Eastman Hall,4227,Lab,20,0,,43.0846499,77.6775347
George Eastman Hall,4263,Lab,20,0,,43.0846499,77.6775347
George Eastman Hall,4287,General Purpose Classroom,35,12,Tue 07:52 PM [01/23/2018],43.0846499,77.6775347
George Eastman Hall,5th Floor Lobby,Lobby,1,0,,43.0846499,77.6775347
George Eastman Hall,6039,Conference Room,0,0,,43.0846499,77.6775347
George Eastman Hall,7000,Conference Room,20,0,,43.0846499,77.6775347
George H. Clark Gymnasium,1000,Other,,2,,43.0847139,77.6760777
George H. Clark Gymnasium,1010,Tier II Conference Room,,2,Wed 01:12 PM [01/11/2017],43.0847139,77.6760777
George H. Clark Gymnasium,1015,Tier II Conference Room,,2,Wed 01:18 PM [01/11/2017],43.0847139,77.6760777
George H. Clark Gymnasium,1050,Auditorium,300,0,,43.0847139,77.6760777
George H. Clark Gymnasium,1110,Office,,0,,43.0847139,77.6760777
George H. Clark Gymnasium,1275,Auditorium,200,0,,43.0847139,77.6760777
George H. Clark Gymnasium,1740,Conference Room,,0,,43.0847139,77.6760777
George H. Clark Gymnasium,2050 - Reading Room,Other,,5,,43.0847139,77.6760777
George H. Clark Gymnasium,2610 - Bamboo Room,Tier II Conference Room,0,6,Mon 09:57 AM [09/26/2016],43.0847139,77.6760777
George H. Clark Gymnasium,2650,Tier II Conference Room,,6,,43.0847139,77.6760777
George H. Clark Gymnasium,2740,Other,,3,Tue 11:39 AM [01/31/2017],43.0847139,77.6760777
George H. Clark Gymnasium,A650,Other,,0,,43.0847139,77.6760777
George H. Clark Gymnasium,Clark Gym,Other,,0,,43.0847139,77.6760777
George H. Clark Gymnasium,Ice Rink Lobby,Lobby,,0,,43.0847139,77.6760777
Student Alumni Union,1140,Office,0,0,,43.0838859,77.6767287
Student Alumni Union,1150,Conference Room,0,0,,43.0838859,77.6767287
Student Alumni Union,1829,Tier II Conference Room,40,10,Thu 08:10 AM [02/16/2017],43.0838859,77.6767287
Student Alumni Union,2130,Office,0,0,,43.0838859,77.6767287
Student Alumni Union,2300,Office,0,0,,43.0838859,77.6767287
Student Alumni Union,2330,Office,0,0,,43.0838859,77.6767287
Student Alumni Union,2450,Office,0,0,,43.0838859,77.6767287
Student Alumni Union,2583,Closet,0,8,,43.0838859,77.6767287
Student Alumni Union,A120,General Purpose Classroom,85,4,Tue 05:24 PM [09/12/2017],43.0838859,77.6767287
Student Alumni Union,A130,General Purpose Classroom,1,4,Tue 04:27 PM [09/12/2017],43.0838859,77.6767287
Student Alumni Union,A402,Office,0,0,,43.0838859,77.6767287
Student Alumni Union,A420,Office,0,0,,43.0838859,77.6767287
Student Alumni Union,A426,Office,0,0,,43.0838859,77.6767287
Student Alumni Union,A448,Office,0,0,,43.0838859,77.6767287
Student Alumni Union,A450,Office,0,0,,43.0838859,77.6767287
Student Alumni Union,A510,Other,0,0,,43.0838859,77.6767287
Student Alumni Union,Alumni Room,Conference Room,0,3,,43.0838859,77.6767287
Student Alumni Union,Cafeteria,Other,0,0,,43.0838859,77.6767287
Student Alumni Union,Clark A,Conference Room,40,1,,43.0838859,77.6767287
Student Alumni Union,Clark B,Conference Room,40,0,,43.0838859,77.6767287
Student Alumni Union,Clark C,Conference Room,40,0,,43.0838859,77.6767287
Student Alumni Union,Clubspace,Conference Room,0,0,,43.0838859,77.6767287
Student Alumni Union,Fireside Lounge,Other,100,0,,43.0838859,77.6767287
Student Alumni Union,Gameroom,Other,0,0,,43.0838859,77.6767287
Student Alumni Union,Info Desk,Other,0,0,,43.0838859,77.6767287
Student Alumni Union,Ingle Auditorium,NOS Auditorium,150,0,,43.0838859,77.6767287
Student Alumni Union,Northstar Center,Other,0,0,,43.0838859,77.6767287
Student Alumni Union,OCASA Office,Office,0,0,,43.0838859,77.6767287
Student Alumni Union,RITZ Sportszone,Other,0,0,,43.0838859,77.6767287
Student Alumni Union,Union Lobby,Other,0,0,,43.0838859,77.6767287
Wallace Library,!1405 - Technology Zone,Lab,,1,,43.083714,77.676359
Wallace Library,!1630 - Circulation Desk,Other,0,1,,43.083714,77.676359
Wallace Library,!2430 - VIA,Tier II Lab,0,1,,43.083714,77.676359
Wallace Library,!3650 - Bib Lab,Tier II Lab,0,4,,43.083714,77.676359
Wallace Library,1410 - Ladies Room,Bathroom,,0,,43.083714,77.676359
Wallace Library,1415,Internal Office,,0,,43.083714,77.676359
Wallace Library,1420,Office,1,0,,43.083714,77.676359
Wallace Library,1422,Office,1,0,,43.083714,77.676359
Wallace Library,1424,Office,1,0,,43.083714,77.676359
Wallace Library,1426,Office,1,0,,43.083714,77.676359
Wallace Library,1428,Office,1,0,,43.083714,77.676359
Wallace Library,1430,Office,1,0,,43.083714,77.676359
Wallace Library,1440,Office,1,0,,43.083714,77.676359
Wallace Library,1445,Office,1,0,,43.083714,77.676359
Wallace Library,1450,Office,1,0,,43.083714,77.676359
Wallace Library,1455,Office,1,0,,43.083714,77.676359
Wallace Library,1456,Internal Office,,0,,43.083714,77.676359
Wallace Library,1460,Internal Office,,0,,43.083714,77.676359
Wallace Library,1470,Conference Room,0,0,,43.083714,77.676359
Wallace Library,1471,Internal Office,,0,,43.083714,77.676359
Wallace Library,1472,Internal Office,,0,,43.083714,77.676359
Wallace Library,1480,Internal Office,,0,,43.083714,77.676359
Wallace Library,1484,Office,1,0,,43.083714,77.676359
Wallace Library,1486,Office,1,0,,43.083714,77.676359
Wallace Library,1490,Office,1,0,,43.083714,77.676359
Wallace Library,1500,Internal Office,,0,,43.083714,77.676359
Wallace Library,1505,Office,1,0,,43.083714,77.676359
Wallace Library,1510,Office,1,0,,43.083714,77.676359
Wallace Library,1520,Office,1,0,,43.083714,77.676359
Wallace Library,1525,Office,1,0,,43.083714,77.676359
Wallace Library,1530,Office,1,0,,43.083714,77.676359
Wallace Library,1535,Office,1,0,,43.083714,77.676359
Wallace Library,1537,Closet,,0,,43.083714,77.676359
Wallace Library,1540 - RADSCC Classroom,Other,,0,,43.083714,77.676359
Wallace Library,1545,Office,,0,,43.083714,77.676359
Wallace Library,1550,Other,1,0,,43.083714,77.676359
Wallace Library,1551,FMS Space,,0,,43.083714,77.676359
Wallace Library,1552,Closet,,0,,43.083714,77.676359
Wallace Library,1555 - ITS Satellite Office,Internal Office,,0,,43.083714,77.676359
Wallace Library,1556,Lib Storage,,0,,43.083714,77.676359
Wallace Library,1591,FMS Space,,0,,43.083714,77.676359
Wallace Library,1633,Office,2,0,,43.083714,77.676359
Wallace Library,1635,Office,1,0,,43.083714,77.676359
Wallace Library,1637,Office,1,0,,43.083714,77.676359
Wallace Library,1639,Office,2,0,,43.083714,77.676359
Wallace Library,1644,Office,1,0,,43.083714,77.676359
Wallace Library,1645,Internal Office,1,0,,43.083714,77.676359
Wallace Library,1647,Internal Office,,0,,43.083714,77.676359
Wallace Library,1649,Internal Office,,0,,43.083714,77.676359
Wallace Library,1650 - Community Room,Lab,10,0,,43.083714,77.676359
Wallace Library,1650 - Writing Commons,Other,0,0,,43.083714,77.676359
Wallace Library,1660 - Java Wally's,Other,0,0,,43.083714,77.676359
Wallace Library,1670,Internal Office,,0,,43.083714,77.676359
Wallace Library,1694 - Mens Room,Other,,1,,43.083714,77.676359
Wallace Library,1695,Closet,,0,,43.083714,77.676359
Wallace Library,1696 - Ladies Room,Other,,0,,43.083714,77.676359
Wallace Library,1697,Internal Office,,0,,43.083714,77.676359
Wallace Library,1910 - Lobby,Other,,0,,43.083714,77.676359
Wallace Library,1911,Internal Office,,0,,43.083714,77.676359
Wallace Library,1912,Internal Office,,0,,43.083714,77.676359
Wallace Library,1913,Internal Office,,0,,43.083714,77.676359
Wallace Library,1914,Internal Office,,0,,43.083714,77.676359
Wallace Library,1915,Internal Office,,0,,43.083714,77.676359
Wallace Library,1918,Internal Office,,0,,43.083714,77.676359
Wallace Library,1960,Stairwell,,0,,43.083714,77.676359
Wallace Library,1962,Stairwell,,0,,43.083714,77.676359
Wallace Library,1964,Stairwell,,0,,43.083714,77.676359
Wallace Library,1966,Stairwell,,0,,43.083714,77.676359
Wallace Library,1968,Stairwell,,0,,43.083714,77.676359
Wallace Library,1st floor,General Area,,0,,43.083714,77.676359
Wallace Library,2400,Gallery,,0,,43.083714,77.676359
Wallace Library,2410,Lib Storage,,0,,43.083714,77.676359
Wallace Library,2420,Office,1,0,,43.083714,77.676359
Wallace Library,2422,Internal Office,,0,,43.083714,77.676359
Wallace Library,2455,Internal Office,,0,,43.083714,77.676359
Wallace Library,2456,Internal Office,,0,,43.083714,77.676359
Wallace Library,2460,Internal Office,,0,,43.083714,77.676359
Wallace Library,2470,Study Room,,0,,43.083714,77.676359
Wallace Library,2472,Study Room,,0,,43.083714,77.676359
Wallace Library,2474,Study Room,,0,,43.083714,77.676359
Wallace Library,2476,Study Room,,0,,43.083714,77.676359
Wallace Library,2478,Study Room,,0,,43.083714,77.676359
Wallace Library,2480,Study Room,,0,,43.083714,77.676359
Wallace Library,2484,Other,0,0,,43.083714,77.676359
Wallace Library,2500,Internal Office,,0,,43.083714,77.676359
Wallace Library,2520 - Mens Room,Bathroom,,0,,43.083714,77.676359
Wallace Library,2525 - Ladies Room,Bathroom,,0,,43.083714,77.676359
Wallace Library,2550,Internal Office,,0,,43.083714,77.676359
Wallace Library,2551,Internal Office,,0,,43.083714,77.676359
Wallace Library,2570,Internal Office,,0,,43.083714,77.676359
Wallace Library,2575,Internal Office,,0,,43.083714,77.676359
Wallace Library,2580,,,0,,43.083714,77.676359
Wallace Library,2584,,,0,,43.083714,77.676359
Wallace Library,2591,Internal Office,,0,,43.083714,77.676359
Wallace Library,2600 - Cary Collection,Other,0,0,,43.083714,77.676359
Wallace Library,2600 - Magazines,Others,,0,,43.083714,77.676359
Wallace Library,2620,Internal Office,,0,,43.083714,77.676359
Wallace Library,2622,Office,1,0,,43.083714,77.676359
Wallace Library,2624,Office,1,0,,43.083714,77.676359
Wallace Library,2626,Internal Office,,0,,43.083714,77.676359
Wallace Library,2650,Office,1,0,,43.083714,77.676359
Wallace Library,2660,Internal Office,,0,,43.083714,77.676359
Wallace Library,2662,Internal Office,,0,,43.083714,77.676359
Wallace Library,2670,Internal Office,,0,,43.083714,77.676359
Wallace Library,2675,Internal Office,,0,,43.083714,77.676359
Wallace Library,2680,Internal Office,,0,,43.083714,77.676359
Wallace Library,2684,Internal Office,,0,,43.083714,77.676359
Wallace Library,2688,Office,1,0,,43.083714,77.676359
Wallace Library,2694,Internal Office,,0,,43.083714,77.676359
Wallace Library,2695,Internal Office,,0,,43.083714,77.676359
Wallace Library,2697,Internal Office,,0,,43.083714,77.676359
Wallace Library,2911,Internal Office,,0,,43.083714,77.676359
Wallace Library,2913,Internal Office,,0,,43.083714,77.676359
Wallace Library,2914,Internal Office,,0,,43.083714,77.676359
Wallace Library,2915,Internal Office,,0,,43.083714,77.676359
Wallace Library,2918,Internal Office,,0,,43.083714,77.676359
Wallace Library,2960,Stairwell,,0,,43.083714,77.676359
Wallace Library,2962,Stairwell,,0,,43.083714,77.676359
Wallace Library,2964,Stairwell,,0,,43.083714,77.676359
Wallace Library,2968,Stairwell,,0,,43.083714,77.676359
Wallace Library,2nd floor,General Area,,0,,43.083714,77.676359
Wallace Library,3400,General Area,,0,,43.083714,77.676359
Wallace Library,3405 - Mens Room,Bathroom,,0,,43.083714,77.676359
Wallace Library,3410,Internal Office,,0,,43.083714,77.676359
Wallace Library,3415,Internal Office,,0,,43.083714,77.676359
Wallace Library,3420,Internal Office,,0,,43.083714,77.676359
Wallace Library,3430,General Area,,0,,43.083714,77.676359
Wallace Library,3455,Internal Office,,0,,43.083714,77.676359
Wallace Library,3456,Internal Office,,0,,43.083714,77.676359
Wallace Library,3460,Internal Office,,0,,43.083714,77.676359
Wallace Library,3470,Internal Office,,0,,43.083714,77.676359
Wallace Library,3472,Internal Office,,0,,43.083714,77.676359
Wallace Library,3474,Internal Office,,0,,43.083714,77.676359
Wallace Library,3476,Internal Office,,0,,43.083714,77.676359
Wallace Library,3478,Internal Office,,0,,43.083714,77.676359
Wallace Library,3480,Internal Office,,0,,43.083714,77.676359
Wallace Library,3484,Internal Office,,0,,43.083714,77.676359
Wallace Library,3500,General Area,,0,,43.083714,77.676359
Wallace Library,3515,Internal Office,,0,,43.083714,77.676359
Wallace Library,3520 - Ladies Room,Bathroom,,0,,43.083714,77.676359
Wallace Library,3522,Internal Office,,0,,43.083714,77.676359
Wallace Library,3525,Internal Office,,0,,43.083714,77.676359
Wallace Library,3550,Internal Office,,0,,43.083714,77.676359
Wallace Library,3551,Internal Office,,0,,43.083714,77.676359
Wallace Library,3554,Internal Office,,0,,43.083714,77.676359
Wallace Library,3556,Internal Office,,0,,43.083714,77.676359
Wallace Library,3570,Internal Office,,0,,43.083714,77.676359
Wallace Library,3591,Internal Office,,0,,43.083714,77.676359
Wallace Library,3600,General Area,,0,,43.083714,77.676359
Wallace Library,3652,Internal Office,,0,,43.083714,77.676359
Wallace Library,3654,Internal Office,,0,,43.083714,77.676359
Wallace Library,3660,Office,1,0,,43.083714,77.676359
Wallace Library,3665,Office,1,0,,43.083714,77.676359
Wallace Library,3669,Internal Office,,0,,43.083714,77.676359
Wallace Library,3670,Internal Office,,0,,43.083714,77.676359
Wallace Library,3680,Office,1,0,,43.083714,77.676359
Wallace Library,3694 - Mens Room,Bathroom,,0,,43.083714,77.676359
Wallace Library,3695,Internal Office,,0,,43.083714,77.676359
Wallace Library,3696,Internal Office,,0,,43.083714,77.676359
Wallace Library,3697,Internal Office,,0,,43.083714,77.676359
Wallace Library,3911,Internal Office,,0,,43.083714,77.676359
Wallace Library,3913,Internal Office,,0,,43.083714,77.676359
Wallace Library,3914,Internal Office,,0,,43.083714,77.676359
Wallace Library,3915,Internal Office,,0,,43.083714,77.676359
Wallace Library,3916,Internal Office,,0,,43.083714,77.676359
Wallace Library,3918,Internal Office,,0,,43.083714,77.676359
Wallace Library,3960,Stairwell,,0,,43.083714,77.676359
Wallace Library,3962,Stairwell,,0,,43.083714,77.676359
Wallace Library,3964,Stairwell,,0,,43.083714,77.676359
Wallace Library,3968,Stairwell,,0,,43.083714,77.676359
Wallace Library,3rd floor,General Area,,0,,43.083714,77.676359
Wallace Library,4400,FMS Space,,0,,43.083714,77.676359
Wallace Library,4470,Study Room,,0,,43.083714,77.676359
Wallace Library,4472,Study Room,,0,,43.083714,77.676359
Wallace Library,4474,Study Room,,0,,43.083714,77.676359
Wallace Library,4476,Study Room,,0,,43.083714,77.676359
Wallace Library,4478,Study Room,,0,,43.083714,77.676359
Wallace Library,4480,Study Room,,0,,43.083714,77.676359
Wallace Library,4482,Study Room,0,0,,43.083714,77.676359
Wallace Library,4500,General Area,,0,,43.083714,77.676359
Wallace Library,4542 - Ladies Room,Bathroom,,0,,43.083714,77.676359
Wallace Library,4544 - Mens Room,Bathroom,,0,,43.083714,77.676359
Wallace Library,4550,FMS Space,,0,,43.083714,77.676359
Wallace Library,4560,FMS Space,,0,,43.083714,77.676359
Wallace Library,4591,FMS Space,,0,,43.083714,77.676359
Wallace Library,4600,FMS Space,,0,,43.083714,77.676359
Wallace Library,4650,General Area,,0,,43.083714,77.676359
Wallace Library,4686,Study Room,,0,,43.083714,77.676359
Wallace Library,4688,Study Room,,0,,43.083714,77.676359
Wallace Library,4962,Stairwell,,0,,43.083714,77.676359
Wallace Library,4964,Stairwell,,0,,43.083714,77.676359
Wallace Library,4968,Stairwell,,0,,43.083714,77.676359
Wallace Library,4th floor,General Area,,0,,43.083714,77.676359
Wallace Library,A Level,General Area,,0,,43.083714,77.676359
Wallace Library,A281,Internal Office,,0,,43.083714,77.676359
Wallace Library,A283,Internal Office,,0,,43.083714,77.676359
Wallace Library,A285,Internal Office,,0,,43.083714,77.676359
Wallace Library,A286,Internal Office,,0,,43.083714,77.676359
Wallace Library,A287,Internal Office,,0,,43.083714,77.676359
Wallace Library,A400,General Purpose Classroom,89,3,Sat 11:50 AM [11/18/2017],43.083714,77.676359
Wallace Library,A402,Internal Office,,0,,43.083714,77.676359
Wallace Library,A405,Office,,0,,43.083714,77.676359
Wallace Library,A410,Internal Office,,0,,43.083714,77.676359
Wallace Library,A415,Internal Office,,0,,43.083714,77.676359
Wallace Library,A420,Internal Office,,0,,43.083714,77.676359
Wallace Library,A427,Internal Office,,0,,43.083714,77.676359
Wallace Library,A430,Internal Office,,0,,43.083714,77.676359
Wallace Library,A450,Internal Office,,0,,43.083714,77.676359
Wallace Library,A451,Office,,0,,43.083714,77.676359
Wallace Library,A452,Office,,0,,43.083714,77.676359
Wallace Library,A453,Office,,0,,43.083714,77.676359
Wallace Library,A454,Office,,0,,43.083714,77.676359
Wallace Library,A455,Office,,0,,43.083714,77.676359
Wallace Library,A456,Office,,0,,43.083714,77.676359
Wallace Library,A457,Office,,0,,43.083714,77.676359
Wallace Library,A458,Office,,0,,43.083714,77.676359
Wallace Library,A459,Internal Office,,0,,43.083714,77.676359
Wallace Library,A461,Internal Office,,0,,43.083714,77.676359
Wallace Library,A463,Internal Office,,0,,43.083714,77.676359
Wallace Library,A465 - Shop,Other,0,0,,43.083714,77.676359
Wallace Library,A475,FMS Space,,0,,43.083714,77.676359
Wallace Library,A480,FMS Space,,0,,43.083714,77.676359
Wallace Library,A500,Office,0,0,,43.083714,77.676359
Wallace Library,A505,Internal Office,,0,,43.083714,77.676359
Wallace Library,A515,Office,,0,,43.083714,77.676359
Wallace Library,A518,Internal Office,,0,,43.083714,77.676359
Wallace Library,A520,Internal Office,,0,,43.083714,77.676359
Wallace Library,A526,Internal Office,,0,,43.083714,77.676359
Wallace Library,A530,Office,,0,,43.083714,77.676359
Wallace Library,A533,Office,,0,,43.083714,77.676359
Wallace Library,A535,Office,,0,,43.083714,77.676359
Wallace Library,A54,Office,,0,,43.083714,77.676359
Wallace Library,A555,Internal Office,,0,,43.083714,77.676359
Wallace Library,A560,Training Area,20,0,,43.083714,77.676359
Wallace Library,A561,CF Storage,,18,,43.083714,77.676359
Wallace Library,A571 - Hall Closet,Closet,0,2,,43.083714,77.676359
Wallace Library,A581,Internal Office,,0,,43.083714,77.676359
Wallace Library,A591,Internal Office,,0,,43.083714,77.676359
Wallace Library,A600,Other,0,3,,43.083714,77.676359
Wallace Library,A601,Internal Office,,0,,43.083714,77.676359
Wallace Library,A605,Office,,9,,43.083714,77.676359
Wallace Library,A610,Internal Office,,0,,43.083714,77.676359
Wallace Library,A611,Office,,1,,43.083714,77.676359
Wallace Library,A612,Office,,0,,43.083714,77.676359
Wallace Library,A613,Office,,5,,43.083714,77.676359
Wallace Library,A614,Office,,0,,43.083714,77.676359
Wallace Library,A616,Office,,0,,43.083714,77.676359
Wallace Library,A617,Closet,0,0,,43.083714,77.676359
Wallace Library,A619,Closet,0,0,,43.083714,77.676359
Wallace Library,A620 - First Responder Room,AV Workshop,3,3,,43.083714,77.676359
Wallace Library,A625,Office,3,30,,43.083714,77.676359
Wallace Library,A630 - Tech Shop,AV Workshop,0,140,Thu 05:07 PM [10/12/2017],43.083714,77.676359
Wallace Library,A635,Internal Office,,0,,43.083714,77.676359
Wallace Library,A640,Internal Office,,0,,43.083714,77.676359
Wallace Library,A642,Internal Office,,0,,43.083714,77.676359
Wallace Library,A646,Internal Office,,0,,43.083714,77.676359
Wallace Library,A647,Internal Office,,0,,43.083714,77.676359
Wallace Library,A648,Internal Office,,0,,43.083714,77.676359
Wallace Library,A649,Internal Office,,0,,43.083714,77.676359
Wallace Library,A650,Tier II Conference Room,,7,Thu 09:12 PM [05/05/2016],43.083714,77.676359
Wallace Library,A651,Office,,0,,43.083714,77.676359
Wallace Library,A652,Office,,0,,43.083714,77.676359
Wallace Library,A654,Office,,0,,43.083714,77.676359
Wallace Library,A656,Office,,0,,43.083714,77.676359
Wallace Library,A658,Office,,0,,43.083714,77.676359
Wallace Library,A660,Office,,1,,43.083714,77.676359
Wallace Library,A662,Office,,0,,43.083714,77.676359
Wallace Library,A664,Office,,0,,43.083714,77.676359
Wallace Library,A670,Internal Office,,0,,43.083714,77.676359
Wallace Library,A671 (Projector Closet),Internal Office,0,5,,43.083714,77.676359
Wallace Library,A672,Office,,1,,43.083714,77.676359
Wallace Library,A674,Office,,0,,43.083714,77.676359
Wallace Library,A675,Office,,0,,43.083714,77.676359
Wallace Library,A677,Office,,0,,43.083714,77.676359
Wallace Library,A679 (Water Closet),AV Closet,,49,,43.083714,77.676359
Wallace Library,A680,Office,,0,,43.083714,77.676359
Wallace Library,A685 - Carapella,Conference Room,12,0,,43.083714,77.676359
Wallace Library,A686,Office,,0,,43.083714,77.676359
Wallace Library,A687,Office,,0,,43.083714,77.676359
Wallace Library,A688,Internal Office,,0,,43.083714,77.676359
Wallace Library,A689,Office,,0,,43.083714,77.676359
Wallace Library,A690,Internal Office,,0,,43.083714,77.676359
Wallace Library,A693,Office,,0,,43.083714,77.676359
Wallace Library,A695,Office,,0,,43.083714,77.676359
Wallace Library,A697,Internal Office,,0,,43.083714,77.676359
Wallace Library,A910,Internal Office,,0,,43.083714,77.676359
Wallace Library,A911,Internal Office,,0,,43.083714,77.676359
Wallace Library,A912,Internal Office,,0,,43.083714,77.676359
Wallace Library,A913,Internal Office,,0,,43.083714,77.676359
Wallace Library,A914,Internal Office,,0,,43.083714,77.676359
Wallace Library,A915,Internal Office,,0,,43.083714,77.676359
Wallace Library,A916,Internal Office,,0,,43.083714,77.676359
Wallace Library,A918,Internal Office,,0,,43.083714,77.676359
Wallace Library,A960,Internal Office,,0,,43.083714,77.676359
Wallace Library,A962,Internal Office,,0,,43.083714,77.676359
Wallace Library,A964,Internal Office,,0,,43.083714,77.676359
Wallace Library,A966,Internal Office,,0,,43.083714,77.676359
Wallace Library,A968,Internal Office,,0,,43.083714,77.676359
Wallace Library,A983,Internal Office,,0,,43.083714,77.676359
Wallace Library,Building 99,General Area,,0,,43.083714,77.676359
Wallace Library,Cabinet Alpha,AV Closet,0,0,,43.083714,77.676359
Wallace Library,Cabinet Bravo,AV Closet,0,67,,43.083714,77.676359
Wallace Library,Cabinet of Wonder 1,Closet,0,61,,43.083714,77.676359
Wallace Library,Cabinet of Wonder 2,Closet,0,1,,43.083714,77.676359
Wallace Library,Cabinet of Wonder 3,Closet,0,4,,43.083714,77.676359
Wallace Library,Cabinet SA,AV Closet,0,0,,43.083714,77.676359
Wallace Library,Cabinet SB,AV Closet,0,0,,43.083714,77.676359
Wallace Library,Cabinet SC,AV Closet,0,0,,43.083714,77.676359
Wallace Library,Cabinet SD,AV Closet,,0,,43.083714,77.676359
Wallace Library,Cabinet SE,AV Closet,,0,,43.083714,77.676359
Wallace Library,Circulation Desk,Other,0,0,,43.083714,77.676359
Wallace Library,Operator Cabinet,AV Closet,0,57,,43.083714,77.676359
Wallace Library,"Rolling Shelf ""B""",AV Closet,,7,,43.083714,77.676359
Wallace Library,"Rolling Shelf ""C""",AV Closet,,4,,43.083714,77.676359
Wallace Library,"Rolling Shelf ""D""",AV Closet,,18,,43.083714,77.676359
Wallace Library,"Rolling Shelf ""A""",AV Closet,,127,,43.083714,77.676359
Wallace Library,Servers,Other,0,0,,43.083714,77.676359
Wallace Library,Shelf 1,AV Closet,0,0,,43.083714,77.676359
Wallace Library,Shelf 2,AV Closet,0,0,,43.083714,77.676359
Wallace Library,Shelf 3,AV Closet,0,0,,43.083714,77.676359
Wallace Library,Shelf 4,AV Closet,0,0,,43.083714,77.676359
Wallace Library,Shelf 5,AV Closet,0,0,,43.083714,77.676359
Wallace Library,Storage Cage,Storage Cage,0,0,,43.083714,77.676359
Wallace Library,Tool Drawers,Cabinet,0,13,,43.083714,77.676359
Wallace Library,Viewing Area,Lab,24,0,,43.083714,77.676359
Liberal Arts Hall,1202,Conference Room,0,0,,43.084368,77.676463
Liberal Arts Hall,1251,Conference Room,0,0,,43.084368,77.676463
Liberal Arts Hall,2233,General Purpose Classroom,30,12,Tue 04:18 PM [09/12/2017],43.084368,77.676463
Liberal Arts Hall,2305,Office,0,0,,43.084368,77.676463
Liberal Arts Hall,3201,General Purpose Classroom,43,13,Wed 03:52 PM [09/13/2017],43.084368,77.676463
Liberal Arts Hall,3214,General Purpose Classroom,41,13,Tue 08:15 PM [09/12/2017],43.084368,77.676463
Liberal Arts Hall,3215,General Purpose Classroom,45,14,Fri 02:43 PM [01/19/2018],43.084368,77.676463
Liberal Arts Hall,3220,General Purpose Classroom,39,15,Mon 05:17 PM [12/04/2017],43.084368,77.676463
Liberal Arts Hall,3225,General Purpose Classroom,38,15,Tue 08:54 AM [09/19/2017],43.084368,77.676463
Liberal Arts Hall,3232,General Purpose Classroom,42,14,Tue 08:39 PM [09/19/2017],43.084368,77.676463
Liberal Arts Hall,3233,Lab,40,0,,43.084368,77.676463
Liberal Arts Hall,3244,Lab,40,0,,43.084368,77.676463
Liberal Arts Hall,A201,Auditorium,72,11,Tue 12:32 PM [09/19/2017],43.084368,77.676463
Liberal Arts Hall,A205,Auditorium,218,26,Tue 08:18 AM [09/19/2017],43.084368,77.676463
Liberal Arts Hall,A210,Lab,0,0,,43.084368,77.676463
Liberal Arts Hall,A220,Lab,20,0,,43.084368,77.676463
Liberal Arts Hall,A225,Auditorium Booth,0,0,,43.084368,77.676463
Liberal Arts Hall,A230,General Purpose Classroom,25,10,Mon 06:42 PM [10/30/2017],43.084368,77.676463
Liberal Arts Hall,A260,Other,18,1,,43.084368,77.676463
Liberal Arts Hall,A264,Other,16,0,,43.084368,77.676463
Liberal Arts Hall,A269,General Purpose Classroom,22,3,,43.084368,77.676463
Liberal Arts Hall,A281,Office,,0,,43.084368,77.676463
Liberal Arts Hall,A285,Off-line Room,18,0,,43.084368,77.676463
Liberal Arts Hall,A287,Closet,0,0,,43.084368,77.676463
Liberal Arts Hall,B103,AV Closet,,3,,43.084368,77.676463
James E. Booth Hall,1112,Conference Room,0,0,,43.0844864,77.6766046
James E. Booth Hall,1265,Lab,0,0,,43.0844864,77.6766046
James E. Booth Hall,1297,Lab,30,0,,43.0844864,77.6766046
James E. Booth Hall,1300,Off-line Room,40,0,,43.0844864,77.6766046
James E. Booth Hall,1301,Lab,15,0,,43.0844864,77.6766046
James E. Booth Hall,1303,Lab,20,0,,43.0844864,77.6766046
James E. Booth Hall,1305,Lab,20,0,,43.0844864,77.6766046
James E. Booth Hall,1315,Studio,30,0,,43.0844864,77.6766046
James E. Booth Hall,1320,Lab,20,0,,43.0844864,77.6766046
James E. Booth Hall,1350,Auditorium,313,39,Tue 10:38 AM [01/16/2018],43.0844864,77.6766046
James E. Booth Hall,1400,General Purpose Classroom,39,13,Wed 05:58 PM [01/24/2018],43.0844864,77.6766046
James E. Booth Hall,1420,General Purpose Classroom,46,11,Tue 06:42 PM [09/12/2017],43.0844864,77.6766046
James E. Booth Hall,1440,General Purpose Classroom,58,14,Tue 12:54 PM [09/12/2017],43.0844864,77.6766046
James E. Booth Hall,1441,General Purpose Classroom,25,13,Fri 02:02 PM [01/12/2018],43.0844864,77.6766046
James E. Booth Hall,1470,Studio,10,0,,43.0844864,77.6766046
James E. Booth Hall,1480,General Purpose Classroom,53,12,Fri 04:38 PM [01/19/2018],43.0844864,77.6766046
James E. Booth Hall,1510,Studio,10,0,,43.0844864,77.6766046
James E. Booth Hall,1515,Studio,10,0,,43.0844864,77.6766046
James E. Booth Hall,1520,Studio,15,0,,43.0844864,77.6766046
James E. Booth Hall,1530,Other,40,1,,43.0844864,77.6766046
James E. Booth Hall,1540,Lab,23,0,,43.0844864,77.6766046
James E. Booth Hall,1541,General Purpose Classroom,31,12,Fri 02:33 PM [01/12/2018],43.0844864,77.6766046
James E. Booth Hall,1550,Off-line Room,40,0,,43.0844864,77.6766046
James E. Booth Hall,1560,General Purpose Classroom,38,15,Fri 02:12 PM [01/12/2018],43.0844864,77.6766046
James E. Booth Hall,1600,Other,,0,,43.0844864,77.6766046
James E. Booth Hall,1610,Studio,20,0,,43.0844864,77.6766046
James E. Booth Hall,1611,Lab,23,0,,43.0844864,77.6766046
James E. Booth Hall,1620,Studio,20,0,,43.0844864,77.6766046
James E. Booth Hall,2000,Other,50,0,,43.0844864,77.6766046
James E. Booth Hall,2040,Other,0,0,,43.0844864,77.6766046
James E. Booth Hall,2141,Conference Room,8,0,,43.0844864,77.6766046
James E. Booth Hall,2211,Conference Room,0,0,,43.0844864,77.6766046
James E. Booth Hall,2470,Studio,30,0,,43.0844864,77.6766046
James E. Booth Hall,2480,Studio,30,0,,43.0844864,77.6766046
James E. Booth Hall,2490,Studio,30,0,,43.0844864,77.6766046
James E. Booth Hall,2510,Studio,30,0,,43.0844864,77.6766046
James E. Booth Hall,2530,Studio,30,0,,43.0844864,77.6766046
James E. Booth Hall,2554,Lab,20,0,,43.0844864,77.6766046
James E. Booth Hall,2574,Studio,30,0,,43.0844864,77.6766046
James E. Booth Hall,2600 - Bevier Gallery,Other,40,0,,43.0844864,77.6766046
James E. Booth Hall,2614,Studio,20,0,,43.0844864,77.6766046
James E. Booth Hall,2630,Studio,20,0,,43.0844864,77.6766046
James E. Booth Hall,2631 - Woodshop,Studio,20,0,,43.0844864,77.6766046
James E. Booth Hall,2635,Other,0,0,,43.0844864,77.6766046
James E. Booth Hall,2774,Lab,40,0,,43.0844864,77.6766046
James E. Booth Hall,3070,Lab,30,0,,43.0844864,77.6766046
James E. Booth Hall,3220,Other,,0,,43.0844864,77.6766046
James E. Booth Hall,3310,Studio,20,0,,43.0844864,77.6766046
James E. Booth Hall,3330,Studio,20,0,,43.0844864,77.6766046
James E. Booth Hall,3340,Studio,20,0,Thu 08:01 AM [04/21/2016],43.0844864,77.6766046
James E. Booth Hall,3471,Studio,20,3,,43.0844864,77.6766046
James E. Booth Hall,3496,Lab,20,0,,43.0844864,77.6766046
James E. Booth Hall,3500,Lab,20,0,,43.0844864,77.6766046
James E. Booth Hall,3501,Studio,20,0,,43.0844864,77.6766046
James E. Booth Hall,3510,Lab,40,0,,43.0844864,77.6766046
James E. Booth Hall,3520,Studio,20,0,,43.0844864,77.6766046
James E. Booth Hall,3540,Studio,25,0,,43.0844864,77.6766046
James E. Booth Hall,3541,Studio,20,0,,43.0844864,77.6766046
James E. Booth Hall,3550,Studio,25,0,,43.0844864,77.6766046
James E. Booth Hall,3560,Studio,25,0,,43.0844864,77.6766046
James E. Booth Hall,3570,Studio,25,0,,43.0844864,77.6766046
James E. Booth Hall,3591,Studio,40,0,,43.0844864,77.6766046
James E. Booth Hall,3600,Lab,25,0,,43.0844864,77.6766046
James E. Booth Hall,3601,Studio,0,0,,43.0844864,77.6766046
James E. Booth Hall,3630,Studio,20,0,,43.0844864,77.6766046
James E. Booth Hall,3631,Studio,40,0,,43.0844864,77.6766046
James E. Booth Hall,3634,Studio,20,0,,43.0844864,77.6766046
James E. Booth Hall,4000,Studio,0,0,,43.0844864,77.6766046
James E. Booth Hall,4040,Lab,40,0,,43.0844864,77.6766046
James E. Booth Hall,4080,Studio,20,0,,43.0844864,77.6766046
James E. Booth Hall,4086,Studio,20,0,,43.0844864,77.6766046
James E. Booth Hall,4264,Studio,0,0,,43.0844864,77.6766046
James E. Booth Hall,4273,Studio,0,0,,43.0844864,77.6766046
James E. Booth Hall,4311,Studio,0,0,,43.0844864,77.6766046
James E. Booth Hall,4501,Other,0,0,,43.0844864,77.6766046
James E. Booth Hall,4505,Studio,20,0,,43.0844864,77.6766046
James E. Booth Hall,4510,Studio,20,0,,43.0844864,77.6766046
James E. Booth Hall,4600,Studio,20,0,,43.0844864,77.6766046
James E. Booth Hall,4601,Studio,30,0,,43.0844864,77.6766046
James E. Booth Hall,4603,Studio,20,0,,43.0844864,77.6766046
James E. Booth Hall,4610,Studio,20,0,,43.0844864,77.6766046
James E. Booth Hall,4620,Studio,30,0,,43.0844864,77.6766046
James E. Booth Hall,4621,Studio,20,0,,43.0844864,77.6766046
James E. Booth Hall,4623,Studio,20,0,,43.0844864,77.6766046
James E. Booth Hall,4630,Studio,20,0,,43.0844864,77.6766046
James E. Booth Hall,4631,Studio,20,0,,43.0844864,77.6766046
James E. Booth Hall,4915 (The Cage),Other,0,0,,43.0844864,77.6766046
James E. Booth Hall,7A Closet,Closet,0,0,,43.0844864,77.6766046
James E. Booth Hall,7H Closet,Closet,0,0,,43.0844864,77.6766046
James E. Booth Hall,7S Closet,AV Closet,0,20,,43.0844864,77.6766046
James E. Booth Hall,A021,Lab,12,0,,43.0844864,77.6766046
James E. Booth Hall,A041,Studio,25,0,,43.0844864,77.6766046
James E. Booth Hall,A103,Lab,20,0,,43.0844864,77.6766046
James E. Booth Hall,A120,Lab,15,0,,43.0844864,77.6766046
James E. Booth Hall,A321,Lab,10,0,,43.0844864,77.6766046
James E. Booth Hall,A410,General Purpose Classroom,20,11,Tue 05:13 PM [01/23/2018],43.0844864,77.6766046
James E. Booth Hall,A428,Other,0,0,,43.0844864,77.6766046
James E. Booth Hall,A450,Lab,16,0,,43.0844864,77.6766046
James E. Booth Hall,A590,Studio,15,0,,43.0844864,77.6766046
James E. Booth Hall,A610,Lab,15,0,,43.0844864,77.6766046
James E. Booth Hall,A620,Lab,15,0,,43.0844864,77.6766046
James E. Booth Hall,A636,Lab,15,0,,43.0844864,77.6766046
James E. Booth Hall,Spaz Gallery,Other,40,0,,43.0844864,77.6766046
Frank E. Gannett Hall,1000,Other,50,0,,43.085241,77.676217
Frank E. Gannett Hall,1104,Conference Room,40,0,,43.085241,77.676217
Frank E. Gannett Hall,1118,Conference Room,15,0,,43.085241,77.676217
Frank E. Gannett Hall,1201,Lab,20,0,,43.085241,77.676217
Frank E. Gannett Hall,1211,Lab,15,0,,43.085241,77.676217
Frank E. Gannett Hall,1212,Lab,23,0,,43.085241,77.676217
Frank E. Gannett Hall,1217,Lab,20,0,,43.085241,77.676217
Frank E. Gannett Hall,1226,Lab,0,0,,43.085241,77.676217
Frank E. Gannett Hall,1230,Off-line Room,23,0,,43.085241,77.676217
Frank E. Gannett Hall,1296,Lab,15,0,,43.085241,77.676217
Frank E. Gannett Hall,2045,Off-line Room,30,0,,43.085241,77.676217
Frank E. Gannett Hall,2050,General Purpose Classroom,20,13,Mon 05:22 PM [10/23/2017],43.085241,77.676217
Frank E. Gannett Hall,2060,Off-line Room,0,0,,43.085241,77.676217
Frank E. Gannett Hall,2070,General Purpose Classroom,20,12,Tue 05:27 PM [01/16/2018],43.085241,77.676217
Frank E. Gannett Hall,2182,Lab,20,0,,43.085241,77.676217
Frank E. Gannett Hall,2183,Lab,15,0,,43.085241,77.676217
Frank E. Gannett Hall,2215,Lab,15,0,,43.085241,77.676217
Frank E. Gannett Hall,2224,Lab,40,0,,43.085241,77.676217
Frank E. Gannett Hall,2235,Lab,15,0,,43.085241,77.676217
Frank E. Gannett Hall,2236,Lab,15,0,,43.085241,77.676217
Frank E. Gannett Hall,2238,Lab,15,0,,43.085241,77.676217
Frank E. Gannett Hall,2239,Lab,20,0,,43.085241,77.676217
Frank E. Gannett Hall,2241,General Purpose Classroom,30,11,Tue 08:55 AM [09/05/2017],43.085241,77.676217
Frank E. Gannett Hall,2258,Conference Room,20,0,,43.085241,77.676217
Frank E. Gannett Hall,2274,Lab,15,0,,43.085241,77.676217
Frank E. Gannett Hall,2287,Lab,40,0,,43.085241,77.676217
Frank E. Gannett Hall,2299,Lab,15,0,,43.085241,77.676217
Frank E. Gannett Hall,3030,Other,0,0,,43.085241,77.676217
Frank E. Gannett Hall,3105,General Purpose Classroom,35,12,Tue 05:01 PM [09/19/2017],43.085241,77.676217
Frank E. Gannett Hall,3140,Lab,0,0,,43.085241,77.676217
Frank E. Gannett Hall,3150,Lab,30,0,,43.085241,77.676217
Frank E. Gannett Hall,3200,Lab,15,0,,43.085241,77.676217
Frank E. Gannett Hall,3205,Lab,40,0,,43.085241,77.676217
Frank E. Gannett Hall,3221,Lab,20,0,,43.085241,77.676217
Frank E. Gannett Hall,3232,Studio,10,0,,43.085241,77.676217
Frank E. Gannett Hall,4012,Lab,20,0,,43.085241,77.676217
Frank E. Gannett Hall,4020,General Purpose Classroom,35,12,Fri 02:44 PM [01/12/2018],43.085241,77.676217
Frank E. Gannett Hall,4060,Lab,0,0,,43.085241,77.676217
Frank E. Gannett Hall,4090,Studio,0,0,,43.085241,77.676217
Frank E. Gannett Hall,4202,General Purpose Classroom,40,14,Wed 04:03 PM [07/19/2017],43.085241,77.676217
Frank E. Gannett Hall,4240,Studio,20,0,,43.085241,77.676217
Frank E. Gannett Hall,4307,Studio,20,0,,43.085241,77.676217
Frank E. Gannett Hall,7B Closet,Closet,0,1,,43.085241,77.676217
Frank E. Gannett Hall,A015,Studio,25,0,,43.085241,77.676217
Frank E. Gannett Hall,A060,Studio,40,0,,43.085241,77.676217
Frank E. Gannett Hall,A065,Studio,15,0,,43.085241,77.676217
Frank E. Gannett Hall,A070,Lab,10,0,,43.085241,77.676217
Frank E. Gannett Hall,A080,Studio,20,0,,43.085241,77.676217
Frank E. Gannett Hall,A100,Studio,50,0,,43.085241,77.676217
Frank E. Gannett Hall,A116,Studio,30,0,,43.085241,77.676217
Frank E. Gannett Hall,A140,Lab,20,0,,43.085241,77.676217
Frank E. Gannett Hall,A141,Other,20,0,,43.085241,77.676217
Frank E. Gannett Hall,A145,Studio,25,0,,43.085241,77.676217
Frank E. Gannett Hall,A151,General Purpose Classroom,28,15,Mon 02:39 PM [01/22/2018],43.085241,77.676217
Frank E. Gannett Hall,A155,Studio,25,0,,43.085241,77.676217
Frank E. Gannett Hall,A161,Lab,15,0,,43.085241,77.676217
Frank E. Gannett Hall,A165,Lab,20,0,,43.085241,77.676217
Frank E. Gannett Hall,A171,General Purpose Classroom,20,9,Wed 01:39 PM [01/17/2018],43.085241,77.676217
Frank E. Gannett Hall,A172,Studio,20,0,,43.085241,77.676217
Frank E. Gannett Hall,A191,Other,0,0,,43.085241,77.676217
Frank E. Gannett Hall,A313,Other,0,0,,43.085241,77.676217
Thomas Gosnell Hall,1125,Lab,16,0,,43.083541,77.677354
Thomas Gosnell Hall,1143,Lab,24,0,,43.083541,77.677354
Thomas Gosnell Hall,1154,General Purpose Classroom,48,13,Wed 04:56 PM [11/01/2017],43.083541,77.677354
Thomas Gosnell Hall,1174,Workshop,50,0,,43.083541,77.677354
Thomas Gosnell Hall,1213,Lab,24,0,,43.083541,77.677354
Thomas Gosnell Hall,1231,Lab,16,0,,43.083541,77.677354
Thomas Gosnell Hall,1250,Auditorium,248,43,Mon 07:44 PM [01/22/2018],43.083541,77.677354
Thomas Gosnell Hall,1273,Lab,24,1,,43.083541,77.677354
Thomas Gosnell Hall,1300,General Purpose Classroom,60,13,Mon 08:17 PM [01/22/2018],43.083541,77.677354
Thomas Gosnell Hall,1305,General Purpose Classroom,45,15,Tue 08:18 PM [10/17/2017],43.083541,77.677354
Thomas Gosnell Hall,1335,Lab,45,2,,43.083541,77.677354
Thomas Gosnell Hall,1365,Lab,45,0,,43.083541,77.677354
Thomas Gosnell Hall,2113,Lab,24,0,,43.083541,77.677354
Thomas Gosnell Hall,2130,Workshop,50,0,,43.083541,77.677354
Thomas Gosnell Hall,2143,Lab,24,0,,43.083541,77.677354
Thomas Gosnell Hall,2154,Workshop,50,1,,43.083541,77.677354
Thomas Gosnell Hall,2173,Lab,24,0,,43.083541,77.677354
Thomas Gosnell Hall,2178,Lab,32,4,,43.083541,77.677354
Thomas Gosnell Hall,2219,Lab,24,0,,43.083541,77.677354
Thomas Gosnell Hall,2231,Lab,18,0,,43.083541,77.677354
Thomas Gosnell Hall,2273,Lab,24,0,,43.083541,77.677354
Thomas Gosnell Hall,2300,General Purpose Classroom,60,14,Mon 05:04 PM [11/20/2017],43.083541,77.677354
Thomas Gosnell Hall,2305,General Purpose Classroom,45,19,Thu 08:28 PM [10/19/2017],43.083541,77.677354
Thomas Gosnell Hall,2312,Off-line Room,8,0,,43.083541,77.677354
Thomas Gosnell Hall,2330,Lab,,0,,43.083541,77.677354
Thomas Gosnell Hall,2335,Lab,,0,,43.083541,77.677354
Thomas Gosnell Hall,2345,Lab,33,0,Mon 06:32 PM [12/05/2016],43.083541,77.677354
Thomas Gosnell Hall,2355,General Purpose Classroom,60,14,Thu 04:12 PM [10/19/2017],43.083541,77.677354
Thomas Gosnell Hall,2358,Conference Room,8,0,,43.083541,77.677354
Thomas Gosnell Hall,2365,General Purpose Classroom,60,15,Fri 04:56 PM [10/20/2017],43.083541,77.677354
Thomas Gosnell Hall,3000,Conference Room,14,0,,43.083541,77.677354
Thomas Gosnell Hall,3010,Conference Room,8,0,,43.083541,77.677354
Thomas Gosnell Hall,3107,Lab,16,0,,43.083541,77.677354
Thomas Gosnell Hall,3125,Lab,,0,,43.083541,77.677354
Thomas Gosnell Hall,3130,Lab,36,0,,43.083541,77.677354
Thomas Gosnell Hall,3154,Lab,42,0,,43.083541,77.677354
Thomas Gosnell Hall,3167,Lab,18,0,,43.083541,77.677354
Thomas Gosnell Hall,3178,Lab,42,0,,43.083541,77.677354
Thomas Gosnell Hall,3179,Lab,42,0,,43.083541,77.677354
Thomas Gosnell Hall,3215,Lab,10,0,,43.083541,77.677354
Thomas Gosnell Hall,3261,Lab,12,0,,43.083541,77.677354
Thomas Gosnell Hall,3305,General Purpose Classroom,86,14,Mon 05:33 PM [10/23/2017],43.083541,77.677354
Thomas Gosnell Hall,3310,Conference Room,8,0,,43.083541,77.677354
Thomas Gosnell Hall,3335,Tier II Lab,42,9,,43.083541,77.677354
Thomas Gosnell Hall,3345,Tier II Lab,42,9,Thu 10:25 AM [04/06/2017],43.083541,77.677354
Thomas Gosnell Hall,3365,General Purpose Classroom,60,17,Tue 07:17 PM [10/24/2017],43.083541,77.677354
Thomas Gosnell Hall,A100,Lab,12,0,,43.083541,77.677354
Thomas Gosnell Hall,A140,Lab,40,0,,43.083541,77.677354
Thomas Gosnell Hall,A143,Lab,12,0,,43.083541,77.677354
Thomas Gosnell Hall,A155,Lab,40,0,,43.083541,77.677354
Thomas Gosnell Hall,A173,Lab,12,0,,43.083541,77.677354
Thomas Gosnell Hall,A207,Lab,12,0,,43.083541,77.677354
Thomas Gosnell Hall,A249,Lab,12,0,,43.083541,77.677354
Thomas Gosnell Hall,A267,Lab,24,3,Thu 02:39 PM [10/06/2016],43.083541,77.677354
Thomas Gosnell Hall,A300,Auditorium,107,29,Mon 04:49 PM [10/23/2017],43.083541,77.677354
Thomas Gosnell Hall,A307,Closet,0,0,,43.083541,77.677354
Thomas Gosnell Hall,A335,Lab,24,0,,43.083541,77.677354
Thomas Gosnell Hall,A365,Lab,24,0,,43.083541,77.677354
Thomas Gosnell Hall,Atrium,Lobby,0,0,,43.083541,77.677354
Thomas Gosnell Hall,B195,Lab,12,0,,43.083541,77.677354
James E. Gleason Hall,1100,Lab,20,0,,43.084216,77.677782
James E. Gleason Hall,1129,General Purpose Classroom,39,13,Wed 11:27 AM [07/19/2017],43.084216,77.677782
James E. Gleason Hall,1130,Lab,20,0,,43.084216,77.677782
James E. Gleason Hall,1139,General Purpose Classroom,44,13,Wed 03:01 PM [08/02/2017],43.084216,77.677782
James E. Gleason Hall,1149,General Purpose Classroom,47,13,Wed 03:03 PM [08/02/2017],43.084216,77.677782
James E. Gleason Hall,1150,Lab,25,0,,43.084216,77.677782
James E. Gleason Hall,1159,General Purpose Classroom,44,14,Wed 03:04 PM [08/02/2017],43.084216,77.677782
James E. Gleason Hall,1200,Lab,30,0,,43.084216,77.677782
James E. Gleason Hall,1238,Lab,30,0,,43.084216,77.677782
James E. Gleason Hall,1510,Lab,20,2,,43.084216,77.677782
James E. Gleason Hall,1517,Conference Room,10,0,Tue 10:13 AM [01/31/2017],43.084216,77.677782
James E. Gleason Hall,1550,Lab,40,1,,43.084216,77.677782
James E. Gleason Hall,1570,Lab,15,0,,43.084216,77.677782
James E. Gleason Hall,1595,Conference Room,12,0,,43.084216,77.677782
James E. Gleason Hall,1955,Atrium,,0,,43.084216,77.677782
James E. Gleason Hall,2030,Conference Room,24,0,,43.084216,77.677782
James E. Gleason Hall,2100,Lab,16,0,,43.084216,77.677782
James E. Gleason Hall,2120,Lab,40,0,,43.084216,77.677782
James E. Gleason Hall,2121,Conference Room,8,0,,43.084216,77.677782
James E. Gleason Hall,2129,General Purpose Classroom,47,13,Tue 05:17 PM [01/23/2018],43.084216,77.677782
James E. Gleason Hall,2130,Lab,20,0,,43.084216,77.677782
James E. Gleason Hall,2139,General Purpose Classroom,57,12,Wed 09:45 PM [08/30/2017],43.084216,77.677782
James E. Gleason Hall,2140,Lab,16,1,,43.084216,77.677782
James E. Gleason Hall,2149,General Purpose Classroom,34,13,Tue 10:56 AM [08/15/2017],43.084216,77.677782
James E. Gleason Hall,2159,General Purpose Classroom,48,13,Wed 12:42 PM [07/19/2017],43.084216,77.677782
James E. Gleason Hall,2170,Lab,16,0,,43.084216,77.677782
James E. Gleason Hall,2180,Lab,36,0,,43.084216,77.677782
James E. Gleason Hall,2230,Lab,15,0,,43.084216,77.677782
James E. Gleason Hall,2240,Lab,20,0,,43.084216,77.677782
James E. Gleason Hall,2255,Lab,15,0,,43.084216,77.677782
James E. Gleason Hall,2259,Lab,15,1,,43.084216,77.677782
James E. Gleason Hall,2260,Lab,25,1,,43.084216,77.677782
James E. Gleason Hall,2263,Lab,10,0,,43.084216,77.677782
James E. Gleason Hall,2271,Lab,24,0,,43.084216,77.677782
James E. Gleason Hall,2280,Lab,10,0,,43.084216,77.677782
James E. Gleason Hall,2289,Lab,20,0,,43.084216,77.677782
James E. Gleason Hall,2360,Lab,15,0,,43.084216,77.677782
James E. Gleason Hall,2363,Lab,1,0,,43.084216,77.677782
James E. Gleason Hall,2366,Lab,14,0,,43.084216,77.677782
James E. Gleason Hall,2385,Lab,15,0,,43.084216,77.677782
James E. Gleason Hall,2410,Lab,1,0,,43.084216,77.677782
James E. Gleason Hall,2460,Lab,1,0,,43.084216,77.677782
James E. Gleason Hall,2505,Office,1,0,,43.084216,77.677782
James E. Gleason Hall,2550,Conference Room,10,0,,43.084216,77.677782
James E. Gleason Hall,2580,NOS Auditorium,129,0,,43.084216,77.677782
James E. Gleason Hall,3000,Lab,48,0,,43.084216,77.677782
James E. Gleason Hall,3050,Lab,8,0,,43.084216,77.677782
James E. Gleason Hall,3100,Lab,16,0,,43.084216,77.677782
James E. Gleason Hall,3119,Conference Room,24,1,,43.084216,77.677782
James E. Gleason Hall,3120,Lab,16,0,,43.084216,77.677782
James E. Gleason Hall,3129,General Purpose Classroom,47,14,Tue 08:51 AM [10/24/2017],43.084216,77.677782
James E. Gleason Hall,3139,General Purpose Classroom,42,13,Wed 08:01 AM [10/25/2017],43.084216,77.677782
James E. Gleason Hall,3149,General Purpose Classroom,34,13,Thu 07:34 PM [10/26/2017],43.084216,77.677782
James E. Gleason Hall,3159,Lab,21,0,,43.084216,77.677782
James E. Gleason Hall,3170,Lab,32,0,,43.084216,77.677782
James E. Gleason Hall,3180,Lab,8,0,,43.084216,77.677782
James E. Gleason Hall,3190,Lab,16,0,,43.084216,77.677782
James E. Gleason Hall,3200,Lab,32,0,,43.084216,77.677782
James E. Gleason Hall,3241,Lab,16,0,,43.084216,77.677782
James E. Gleason Hall,3259,Lab,16,0,,43.084216,77.677782
James E. Gleason Hall,3271,Lab,16,0,,43.084216,77.677782
James E. Gleason Hall,3280,Lab,32,0,,43.084216,77.677782
James E. Gleason Hall,3291,Lab,25,0,,43.084216,77.677782
James E. Gleason Hall,3410,Lab,1,1,,43.084216,77.677782
James E. Gleason Hall,3430,Lab,16,1,,43.084216,77.677782
James E. Gleason Hall,3452,Lab,16,0,,43.084216,77.677782
James E. Gleason Hall,3460,Lab,20,1,,43.084216,77.677782
James E. Gleason Hall,3480,Lab,0,0,,43.084216,77.677782
James E. Gleason Hall,3489,Lab,12,1,,43.084216,77.677782
James E. Gleason Hall,3490,Lab,16,1,,43.084216,77.677782
James E. Gleason Hall,3495,Lab,16,1,,43.084216,77.677782
James E. Gleason Hall,4408,Lab,1,0,,43.084216,77.677782
James E. Gleason Hall,4418,Lab,1,0,,43.084216,77.677782
James E. Gleason Hall,4425,Lab,18,0,Fri 11:59 AM [12/16/2016],43.084216,77.677782
James E. Gleason Hall,4432,Lab,1,0,,43.084216,77.677782
James E. Gleason Hall,4434,Lab,1,0,,43.084216,77.677782
James E. Gleason Hall,4435,Lab,24,0,Mon 02:46 PM [12/12/2016],43.084216,77.677782
James E. Gleason Hall,4460,Lab,1,0,,43.084216,77.677782
James E. Gleason Hall,Gordon Atrium,Other,0,0,,43.084216,77.677782
Orange Hall,1310,Conference Room,0,0,,43.083597,77.678845
Orange Hall,1314,Other,2,0,,43.083597,77.678845
Orange Hall,1320,Lab,40,0,,43.083597,77.678845
Orange Hall,1340,General Purpose Classroom,45,14,Wed 04:36 PM [10/25/2017],43.083597,77.678845
Orange Hall,1350,General Purpose Classroom,28,13,Wed 05:07 PM [10/25/2017],43.083597,77.678845
Orange Hall,1355,General Purpose Classroom,0,13,Fri 02:48 PM [10/27/2017],43.083597,77.678845
Orange Hall,1360,General Purpose Classroom,44,12,Tue 08:26 AM [10/31/2017],43.083597,77.678845
Orange Hall,1370,Lab,40,0,,43.083597,77.678845
Orange Hall,1375,Lab,,0,,43.083597,77.678845
Orange Hall,1380,Lab,28,0,,43.083597,77.678845
Hugh L. Carey Hall,1201,Lab,10,0,,43.0825519,77.6809887
Hugh L. Carey Hall,1205,Lab,10,0,,43.0825519,77.6809887
Hugh L. Carey Hall,1215,Other,12,0,,43.0825519,77.6809887
Hugh L. Carey Hall,1222,Lab,10,0,,43.0825519,77.6809887
Hugh L. Carey Hall,1225,Other,12,0,,43.0825519,77.6809887
Hugh L. Carey Hall,1235,Other,12,0,,43.0825519,77.6809887
Hugh L. Carey Hall,1245,Off-line Room,15,0,,43.0825519,77.6809887
Hugh L. Carey Hall,1285,Lab,10,0,,43.0825519,77.6809887
Hugh L. Carey Hall,1335,Lab,10,0,,43.0825519,77.6809887
Hugh L. Carey Hall,1345,Lab,10,0,,43.0825519,77.6809887
Hugh L. Carey Hall,14 Closet,Closet,0,1,,43.0825519,77.6809887
Hugh L. Carey Hall,1525,Other,35,0,,43.0825519,77.6809887
Hugh L. Carey Hall,2112,Conference Room,25,0,,43.0825519,77.6809887
Hugh L. Carey Hall,2540,Conference Room,8,0,,43.0825519,77.6809887
Hugh L. Carey Hall,2555,Lab,25,0,,43.0825519,77.6809887
Hugh L. Carey Hall,2575,Conference Room,25,0,,43.0825519,77.6809887
Hugh L. Carey Hall,2585,Conference Room,25,0,,43.0825519,77.6809887
Hugh L. Carey Hall,2586,Conference Room,10,0,,43.0825519,77.6809887
Monroe Hall,2000,ELC Classroom,,6,,43.0838999,77.6773337
Monroe Hall,2010,ELC Classroom,0,7,,43.0838999,77.6773337
Monroe Hall,2030,ELC Classroom,,5,,43.0838999,77.6773337
Monroe Hall,2060,ELC Classroom,,7,,43.0838999,77.6773337
Monroe Hall,2070,ELC Classroom,0,7,Fri 11:51 AM [11/18/2016],43.0838999,77.6773337
Schmitt Interfaith Center,1400,Office,0,0,,43.0842059,77.6755986
Schmitt Interfaith Center,1404,Office,0,0,,43.0842059,77.6755986
Schmitt Interfaith Center,1500 - Allen Chapel,Other,0,0,,43.0842059,77.6755986
Schmitt Interfaith Center,1510 - Jones Chapel,Other,,0,,43.0842059,77.6755986
Schmitt Interfaith Center,A500 - Skalny,Other,75,6,Mon 12:32 PM [08/29/2016],43.0842059,77.6755986
Engineering Hall,1450,Lab,12,0,,43.0842899,77.6811507
Engineering Hall,1515,Lab,40,0,,43.0842899,77.6811507
Engineering Hall,1525,Lab,48,0,,43.0842899,77.6811507
Engineering Hall,1535,Lab,36,0,,43.0842899,77.6811507
Engineering Hall,1545,General Purpose Classroom,48,11,Tue 07:42 PM [10/31/2017],43.0842899,77.6811507
Engineering Hall,1555,General Purpose Classroom,48,10,Wed 09:04 AM [11/01/2017],43.0842899,77.6811507
Engineering Hall,2110,Lab,0,0,,43.0842899,77.6811507
Engineering Hall,2500,Lab,27,0,,43.0842899,77.6811507
Engineering Hall,2510,Conference Room,20,2,,43.0842899,77.6811507
Engineering Hall,2520,Lab,16,0,,43.0842899,77.6811507
Engineering Hall,2540,Lab,16,0,,43.0842899,77.6811507
Engineering Hall,2550,Lab,10,0,,43.0842899,77.6811507
Engineering Hall,2560,Lab,18,0,,43.0842899,77.6811507
Engineering Hall,2700,Lab,32,0,,43.0842899,77.6811507
Engineering Hall,3215,Lab,40,0,,43.0842899,77.6811507
Color Science Hall,1070,Lab,25,0,,43.082524,77.6803887
Color Science Hall,1080,Lab,39,0,,43.082524,77.6803887
Color Science Hall,1086,Lab,40,0,,43.082524,77.6803887
Color Science Hall,1096,Lab,20,0,,43.082524,77.6803887
Hale-Andrews Student Life Center,1230,Conference Room,10,0,,43.0844849,77.6744261
Hale-Andrews Student Life Center,1246,Conference Room,2,0,,43.0844849,77.6744261
Hale-Andrews Student Life Center,1320,General Purpose Classroom,45,14,Wed 05:02 PM [11/01/2017],43.0844849,77.6744261
Hale-Andrews Student Life Center,1325,General Purpose Classroom,0,13,Wed 01:52 PM [11/08/2017],43.0844849,77.6744261
Hale-Andrews Student Life Center,ACTI,Other,40,0,,43.0844849,77.6744261
Hale-Andrews Student Life Center,CONF,Conference Room,20,0,,43.0844849,77.6744261
Hale-Andrews Student Life Center,DANC,Other,80,0,,43.0844849,77.6744261
Hale-Andrews Student Life Center,GYM,Other,100,0,,43.0844849,77.6744261
Hale-Andrews Student Life Center,MINI,Other,80,0,,43.0844849,77.6744261
Hale-Andrews Student Life Center,RBCT,Other,28,0,,43.0844849,77.6744261
Hale-Andrews Student Life Center,SLC Cage - A-level,Other,0,0,,43.0844849,77.6744261
August Center,1190,Office,0,0,,43.0842082,77.6742784
August Center,1195,Conference Room,0,0,Thu 11:53 AM [11/03/2016],43.0842082,77.6742784
August Center,2100,Other,15,0,,43.0842082,77.6742784
August Center,2149,Conference Room,0,0,,43.0842082,77.6742784
Gordon Field House and Activities Center,1540,Other,0,0,,43.0850991,77.6738766
Gordon Field House and Activities Center,1564,Office,0,0,,43.0850991,77.6738766
Gordon Field House and Activities Center,1566,Office,0,0,,43.0850991,77.6738766
Gordon Field House and Activities Center,Fieldhouse,Other,0,0,,43.0850991,77.6738766
Gordon Field House and Activities Center,WTRM,Other,100,0,,43.0850991,77.6738766
Grace Watson Hall,1150,Tier II Conference Room,,0,,43.0836499,77.6712923
Kate Gleason Hall,1058,Other,1,0,,43.0843732,77.6700849
Kate Gleason Hall,1060,Conference Room,16,0,,43.0843732,77.6700849
Kate Gleason Hall,1061,Conference Room,12,0,,43.0843732,77.6700849
Kate Gleason Hall,1067A,Conference Room,12,0,,43.0843732,77.6700849
Kate Gleason Hall,1067B,Conference Room,12,0,,43.0843732,77.6700849
Kate Gleason Hall,A055,General Purpose Classroom,24,12,Tue 02:51 PM [07/12/2016],43.0843732,77.6700849
Nathanial Rochester Hall,1060,Lab,1,0,,43.0843732,77.6700849
Nathanial Rochester Hall,1065,Lab,26,0,,43.0843732,77.6700849
Nathanial Rochester Hall,1250,General Purpose Classroom,26,13,Wed 11:15 AM [03/08/2017],43.0843732,77.6700849
Institute Hall,1080,General Purpose Classroom,,10,Wed 03:02 PM [11/08/2017],43.0853605,77.6812933
Institute Hall,1115,Lobby,,0,,43.0853605,77.6812933
Institute Hall,1132,Lab,,0,,43.0853605,77.6812933
Institute Hall,1138,Conference Room,,2,,43.0853605,77.6812933
Institute Hall,1140,General Purpose Classroom,,12,Wed 05:23 PM [01/17/2018],43.0853605,77.6812933
Institute Hall,1160,General Purpose Classroom,,13,Wed 09:20 AM [11/08/2017],43.0853605,77.6812933
Institute Hall,1180,General Purpose Classroom,,14,Tue 01:56 PM [01/16/2018],43.0853605,77.6812933
Institute Hall,1950,Lobby,,0,,43.0853605,77.6812933
Institute Hall,2120,Tier II Conference Room,,11,,43.0853605,77.6812933
Institute Hall,2170,Lab,,3,,43.0853605,77.6812933
Institute Hall,2190,Lab,,4,,43.0853605,77.6812933
Institute Hall,3090,Lab,,4,,43.0853605,77.6812933
Institute Hall,3120,Tier II Conference Room,,11,Thu 03:38 PM [10/26/2017],43.0853605,77.6812933
Institute Hall,3141,Lab,10,0,,43.0853605,77.6812933
Institute Hall,3170,Lab,,6,Mon 03:54 PM [10/31/2016],43.0853605,77.6812933
Institute Hall,4105,Conference Room,,0,,43.0853605,77.6812933
Institute Hall,A100,Lab,,5,Tue 04:37 PM [05/16/2017],43.0853605,77.6812933
Laboratory for Applied Computing,1070,Lab,0,0,,43.0844681,77.6828323
Center of Bioscience Education &amp; Technology,1130,Lab,20,0,Thu 01:29 PM [05/26/2016],43.0856429,77.6806804
Center of Bioscience Education &amp; Technology,1160,General Purpose Classroom,30,13,Wed 12:43 PM [11/08/2017],43.0856429,77.6806804
Center of Bioscience Education &amp; Technology,1180,Lab,30,0,,43.0856429,77.6806804
Center of Bioscience Education &amp; Technology,2110,Lab,30,1,Thu 01:52 PM [05/26/2016],43.0856429,77.6806804
Center of Bioscience Education &amp; Technology,2120,Lab,15,0,,43.0856429,77.6806804
Center of Bioscience Education &amp; Technology,2140,Lab,20,1,Thu 02:10 PM [05/26/2016],43.0856429,77.6806804
Center of Bioscience Education &amp; Technology,2170,General Purpose Classroom,30,11,Fri 03:14 PM [01/12/2018],43.0856429,77.6806804
Center of Bioscience Education &amp; Technology,3110,Lab,15,0,,43.0856429,77.6806804
Center of Bioscience Education &amp; Technology,3157,Conference Room,,0,Tue 12:27 PM [05/24/2016],43.0856429,77.6806804
Center of Bioscience Education &amp; Technology,3170,Lab,24,1,Thu 03:20 PM [03/02/2017],43.0856429,77.6806804
Center of Bioscience Education &amp; Technology,Atrium,Other,1,0,,43.0856429,77.6806804
Chester F. Carlson Center for Imaging Science,1125,Auditorium,144,51,Tue 04:09 PM [01/23/2018],43.085832,77.6798664
Chester F. Carlson Center for Imaging Science,1155,General Purpose Classroom,43,14,Wed 03:43 PM [01/03/2018],43.085832,77.6798664
Chester F. Carlson Center for Imaging Science,1210,General Purpose Classroom,41,13,Wed 06:32 PM [11/08/2017],43.085832,77.6798664
Chester F. Carlson Center for Imaging Science,1230,General Purpose Classroom,45,12,Wed 04:05 PM [01/24/2018],43.085832,77.6798664
Chester F. Carlson Center for Imaging Science,1235,General Purpose Classroom,36,13,Mon 05:44 PM [11/20/2017],43.085832,77.6798664
Chester F. Carlson Center for Imaging Science,1275,Other,20,0,,43.085832,77.6798664
Chester F. Carlson Center for Imaging Science,2102,Off-line Room,40,0,,43.085832,77.6798664
Chester F. Carlson Center for Imaging Science,2155,Lab,20,0,,43.085832,77.6798664
Chester F. Carlson Center for Imaging Science,2200,Conference Room,8,0,,43.085832,77.6798664
Chester F. Carlson Center for Imaging Science,2205,Lab,40,0,,43.085832,77.6798664
Chester F. Carlson Center for Imaging Science,2220,Other,20,0,,43.085832,77.6798664
Chester F. Carlson Center for Imaging Science,3125,Lab,40,0,,43.085832,77.6798664
Chester F. Carlson Center for Imaging Science,3200,Conference Room,8,0,,43.085832,77.6798664
Chester F. Carlson Center for Imaging Science,3210,Off-line Room,40,0,,43.085832,77.6798664
Chester F. Carlson Center for Imaging Science,3215,Lab,40,0,,43.085832,77.6798664
Chester F. Carlson Center for Imaging Science,3240,Conference Room,0,0,,43.085832,77.6798664
Chester F. Carlson Center for Imaging Science,76 Closet,AV Closet,0,16,,43.085832,77.6798664
Bausch & Lomb Center,2200,Other,0,0,,43.0860101,77.6759058
Bausch & Lomb Center,A100,Conference Room,30,0,,43.0860101,77.6759058
Bausch & Lomb Center,A190,Conference Room,0,0,,43.0860101,77.6759058
Louise Slaughter Hall,1003,Conference Room,,0,,43.0849207,77.6839279
Louise Slaughter Hall,1125,Lab,40,0,,43.0849207,77.6839279
Louise Slaughter Hall,1132,Conference Room,,1,,43.0849207,77.6839279
Louise Slaughter Hall,1150,Lab,20,0,,43.0849207,77.6839279
Louise Slaughter Hall,1165,Lab,20,0,,43.0849207,77.6839279
Louise Slaughter Hall,1210,Lab,16,0,,43.0849207,77.6839279
Louise Slaughter Hall,1290,Lab,15,0,,43.0849207,77.6839279
Louise Slaughter Hall,1360,Auditorium,0,0,,43.0849207,77.6839279
Louise Slaughter Hall,1427,Lab,8,0,,43.0849207,77.6839279
Louise Slaughter Hall,1430,Classroom,40,0,,43.0849207,77.6839279
Louise Slaughter Hall,1435,Lab,20,0,,43.0849207,77.6839279
Louise Slaughter Hall,1437,Lab,25,0,,43.0849207,77.6839279
Louise Slaughter Hall,1445,Classroom,0,0,,43.0849207,77.6839279
Louise Slaughter Hall,1450,Lab,40,0,,43.0849207,77.6839279
Louise Slaughter Hall,1465,Lab,15,0,,43.0849207,77.6839279
Louise Slaughter Hall,1475,Lab,20,0,,43.0849207,77.6839279
Louise Slaughter Hall,1478,Lab,20,0,,43.0849207,77.6839279
Louise Slaughter Hall,1480,Lab,20,0,,43.0849207,77.6839279
Louise Slaughter Hall,1530,Tier II Lab,20,0,,43.0849207,77.6839279
Louise Slaughter Hall,1540,Lab,15,0,,43.0849207,77.6839279
Louise Slaughter Hall,1550,Lab,20,0,,43.0849207,77.6839279
Louise Slaughter Hall,1554,Conference Room,10,0,,43.0849207,77.6839279
Louise Slaughter Hall,1580,Lab,40,0,,43.0849207,77.6839279
Louise Slaughter Hall,1630,Tier II Conference Room,,0,Wed 07:47 PM [09/13/2017],43.0849207,77.6839279
Louise Slaughter Hall,2015,Conference Room,,0,,43.0849207,77.6839279
Louise Slaughter Hall,2120,Classroom,20,0,,43.0849207,77.6839279
Louise Slaughter Hall,2130,Other,20,0,,43.0849207,77.6839279
Louise Slaughter Hall,2140,Lab,40,1,,43.0849207,77.6839279
Louise Slaughter Hall,2150,General Purpose Classroom,35,6,Mon 04:39 PM [01/22/2018],43.0849207,77.6839279
Louise Slaughter Hall,2170,General Purpose Classroom,30,5,Fri 12:48 PM [11/10/2017],43.0849207,77.6839279
Louise Slaughter Hall,2200,Other,25,0,,43.0849207,77.6839279
Louise Slaughter Hall,2220,Conference Room,10,0,,43.0849207,77.6839279
Louise Slaughter Hall,2230,Conference Room,30,0,,43.0849207,77.6839279
Louise Slaughter Hall,2240,Conference Room,40,0,,43.0849207,77.6839279
Louise Slaughter Hall,2365,Classroom,30,0,,43.0849207,77.6839279
Louise Slaughter Hall,2370,Other,24,0,,43.0849207,77.6839279
Louise Slaughter Hall,2375,Lab,24,0,,43.0849207,77.6839279
Louise Slaughter Hall,2405,Conference Room,10,0,,43.0849207,77.6839279
Louise Slaughter Hall,2430,Other,40,0,,43.0849207,77.6839279
Louise Slaughter Hall,2436,Lab,8,0,,43.0849207,77.6839279
Louise Slaughter Hall,2440,Other,40,0,,43.0849207,77.6839279
Louise Slaughter Hall,2450,Lab,25,0,,43.0849207,77.6839279
Louise Slaughter Hall,2480,Lab,20,0,,43.0849207,77.6839279
Louise Slaughter Hall,2490,Lab,12,0,,43.0849207,77.6839279
Louise Slaughter Hall,A615,General Purpose Classroom,35,11,Fri 03:10 PM [01/12/2018],43.0849207,77.6839279
Louise Slaughter Hall,A634,Conference Room,,0,,43.0849207,77.6839279
Louise Slaughter Hall,A650,Lab,20,0,,43.0849207,77.6839279
Sustainability Institute,1130,Auditorium,,0,,43.0848304,77.6841948
Sustainability Institute,1165,Conference Room,,0,,43.0848304,77.6841948
Sustainability Institute,2135,Conference Room,,0,Fri 11:36 AM [02/10/2017],43.0848304,77.6841948
Sustainability Institute,2140,Other,,0,,43.0848304,77.6841948
Sustainability Institute,3125,Lab,,0,,43.0848304,77.6841948
Sustainability Institute,3140,General Purpose Classroom,,11,Fri 12:55 PM [11/10/2017],43.0848304,77.6841948
Sustainability Institute,3150,General Purpose Classroom,,8,Tue 04:15 PM [01/23/2018],43.0848304,77.6841948
Sustainability Institute,3160,General Purpose Classroom,,8,Thu 04:21 PM [10/26/2017],43.0848304,77.6841948
Engineering Technology Hall,1110,Conference Room,0,0,,43.0850392,77.682468
Engineering Technology Hall,1125,Lab,0,0,,43.0850392,77.682468
Engineering Technology Hall,1150,Lab,0,1,,43.0850392,77.682468
Engineering Technology Hall,1165,Lab,0,1,,43.0850392,77.682468
Engineering Technology Hall,2125,Lab,0,0,,43.0850392,77.682468
Engineering Technology Hall,2140,Lab,0,1,Thu 05:52 PM [01/18/2018],43.0850392,77.682468
Engineering Technology Hall,2165,Lab,0,0,Mon 10:30 AM [10/24/2016],43.0850392,77.682468
Engineering Technology Hall,2180,Lab,0,0,,43.0850392,77.682468
Engineering Technology Hall,3125,Lab,0,0,,43.0850392,77.682468
Engineering Technology Hall,3145,Lab,0,0,Mon 03:59 PM [06/19/2017],43.0850392,77.682468
Engineering Technology Hall,3165,Lab,0,0,,43.0850392,77.682468
Engineering Technology Hall,3185,Lab,0,2,Mon 02:04 PM [10/03/2016],43.0850392,77.682468
Brown Hall,1100,General Purpose Classroom,46,11,Mon 04:44 PM [11/13/2017],43.0819921,77.6805864
Brown Hall,1110,General Purpose Classroom,35,26,Thu 10:35 AM [11/09/2017],43.0819921,77.6805864
Brown Hall,1120,General Purpose Classroom,42,11,Tue 04:06 PM [01/16/2018],43.0819921,77.6805864
Brown Hall,1150,General Purpose Classroom,42,12,Mon 04:23 PM [11/13/2017],43.0819921,77.6805864
Brown Hall,1180,Conference Room,0,0,,43.0819921,77.6805864
University Services Center,1100,Conference Room,,0,,43.0833894,77.682212
University Services Center,1600,Other,,0,,43.0833894,77.682212
University Services Center,2220,AV Closet,,0,,43.0833894,77.682212
University Services Center,2315,Tier II Conference Room,0,0,,43.0833894,77.682212
University Services Center,3200,Conference Room,,0,,43.0833894,77.682212
University Services Center,3430,Conference Room,,0,,43.0833894,77.682212
Global Village Plaza,1200,Tier II Conference Room,1,1,,43.0828668,77.6829985
Global Village Plaza,2000 - Study Abroad Office,Conference Room,,0,,43.0828668,77.6829985
Global Village Plaza,2055,Conference Room,,0,,43.0828668,77.6829985
Global Village Plaza,3314,Conference Room,,0,,43.0828668,77.6829985
Simone Center,,,,,,43.0832076,77.6820624
